song,artist,trackid,danceability,energy,key,mode,speechiness,acousticness,instrumentalness,liveness,valence,tempo,duration_ms,time_signature,duration,analysis_sample_rate,analysis_channels,end_of_fade_in,start_of_fade_out,loudness,tempo,tempo_confidence,time_signature,time_signature_confidence,key,key_confidence,mode,mode_confidence
Please Baby Don't,John Legend,5WUgOOaTk00PnksDekcgcg,0.72,0.705,5,1,0.0408,0.506,1.12e-06,0.147,0.775,106.332,162293,4,162.29333,22050,1,0.34807,155.84653,-6.82,106.332,0.844,4,1.0,5,0.046,1,0.383
Milk,Foo Fighters,0hfByzDRgR10HDLqm89lA9,0.461,0.869,1,0,0.0731,0.000616,8.19e-06,0.25,0.649,145.919,171053,4,171.05333,22050,1,0.24966,164.14766,-4.672,145.919,0.378,4,1.0,1,0.0,0,0.276
Early Autumn,Ella Fitzgerald,0Eb4LOT2fnm0PHuLyGbHoN,0.768,0.165,9,1,0.0958,0.329,0.845,0.244,0.271,77.992,144615,4,144.61537,22050,1,0.0,130.93732,-11.712,77.992,0.357,4,0.866,9,0.221,1,0.347
I Just Don't Feel Like Christmas,Rihanna,7y8I1aTNxww4JgN1duLWyf,0.663,0.476,0,1,0.0366,0.361,0.0,0.21,0.141,126.224,231000,4,231.0,22050,1,4.36535,219.13252,-10.653,126.224,0.379,4,0.996,0,0.707,1,0.696
Crab Man,Ella Fitzgerald,0K8wwzUxwACiuYZhfCZ8Xb,0.665,0.754,11,1,0.051,0.00453,0.000116,0.559,0.228,134.99,201090,4,201.09039,22050,1,0.0,198.3971,-5.832,134.99,0.47,4,0.806,11,0.0,1,0.057
Ur So Stupid,Katy Perry,1DU437U4QZ0sZmfWnAtKix,0.463,0.901,5,1,0.0584,0.00149,0.000294,0.305,0.683,90.032,174833,4,174.83333,22050,1,0.32508,170.46349,-6.059,90.032,0.233,4,1.0,5,0.0,1,0.121
Arlandria,Foo Fighters,5TOYgNohZAFEPOtnchPhZS,0.632,0.734,9,1,0.0375,0.000128,1.05e-05,0.337,0.645,116.336,267560,4,267.56,22050,1,0.0,264.95129,-5.179,116.336,0.924,4,0.951,9,0.0,1,0.11
Backstabber,Eminem,4iCdBQcpOEEcn9SsZKMJhI,0.596,0.94,7,1,0.193,0.0588,1.73e-06,0.337,0.84,159.929,186840,4,186.84,22050,1,0.18576,186.84,-1.789,159.929,0.49,4,1.0,7,0.137,1,0.429
After I Say I'm Sorry?,Ella Fitzgerald,5kocofD2Pui5vylgzvjSdk,0.228,0.137,5,1,0.0358,0.847,0.903,0.102,0.119,63.816,196827,4,196.82667,22050,1,3.18694,187.95392,-20.997,63.816,0.002,4,0.858,5,0.589,1,0.64
Reaper,Sia,5QTxFnGygVM4jFQiBovmRo,0.333,0.927,9,0,0.0733,0.0029,0.000211,0.297,0.382,141.47,308120,4,308.12,22050,1,0.1566,298.37642,-8.55,141.47,0.85,4,0.915,9,0.475,0,0.46
Miracle,Whitney Houston,3lQSzRo5BkodChgpBOomvv,0.577,0.791,5,1,0.0316,0.0116,0.0,0.179,0.431,124.013,188252,4,188.25179,22050,1,0.24367,183.7395,-3.054,124.013,0.722,4,0.912,5,0.491,1,0.469
Electricity,Rihanna,5N4erncE7kuUccm7zEmwzk,0.588,0.67,0,1,0.0473,0.0104,3.33e-06,0.338,0.505,118.159,238173,4,238.17333,22050,1,0.238,230.01687,-6.439,118.159,0.706,4,1.0,0,0.422,1,0.479
Subterranean Homesick Alien,Radiohead,19yGmm9FjEZdZc5j98WDe4,0.316,0.592,0,1,0.0296,0.0498,0.00139,0.103,0.32,150.537,267693,3,267.69333,22050,1,0.38912,256.42376,-8.916,150.537,0.615,3,0.766,0,0.682,1,0.481
Little Man,Sia,2BBkIgdXLv5vyp1DR0wpQl,0.519,0.512,5,1,0.0282,0.0276,8.78e-05,0.0976,0.441,138.596,246973,4,246.97333,22050,1,0.40023,234.90467,-7.986,138.596,0.378,4,0.845,5,0.6,1,0.548
My Life Has Been Saved,Queen,7f85HUTCTBRbXVQrhbwGeG,0.575,0.616,7,1,0.0238,0.0497,4.34e-06,0.091,0.29,102.021,195400,4,195.4,22050,1,0.08177,188.63891,-7.376,102.021,0.127,4,1.0,7,0.302,1,0.531
The Show Must Go On,Queen,3hU637WcAGM5ubSqeaTme5,0.428,0.701,11,0,0.0352,0.425,1.61e-06,0.102,0.201,83.97,277827,4,277.82667,22050,1,0.18512,247.94848,-6.67,83.97,0.14,4,0.554,11,0.813,0,0.768
Parallel Universe,Red Hot Chili Peppers,1Se0r96r0gnqg67kJPmESc,0.343,0.983,0,0,0.212,0.00107,0.296,0.0708,0.186,124.536,269360,4,269.36,22050,1,0.0,264.51011,-2.359,124.536,0.637,4,0.996,0,0.689,0,0.68
Breaking Hearts,Elton John,1z3biBuZuyoywGDeAXIJvp,0.468,0.491,1,1,0.207,0.172,0.0,0.14,0.0924,88.745,204000,5,204.0,22050,1,0.0,195.66875,-10.045,88.745,0.132,5,1.0,1,0.753,1,0.639
A Cup Of Cofee,Katy Perry,0Xr7HveNvxGNwRvo1X8njT,0.421,0.162,2,1,0.0336,0.449,0.822,0.132,0.0379,91.558,329240,4,329.24,22050,1,0.0,329.23999,-19.525,91.558,0.119,4,0.882,2,0.46,1,0.534
C-Jam Blues,Ella Fitzgerald,0mlDTc832qP4Byo2fsZyl0,0.471,0.309,5,1,0.038,0.803,0.0156,0.115,0.848,116.213,203400,4,203.4,22050,1,0.14512,192.44118,-18.649,116.213,0.66,4,1.0,5,0.572,1,0.515
Heartbreak Hotel,Whitney Houston,6xNwKNYZcvgV3XTIwsgNio,0.696,0.21,4,1,0.067,0.84,1.62e-06,0.107,0.717,93.543,127560,4,127.56,22050,1,0.19456,123.68109,-11.922,93.543,0.335,4,1.0,4,0.634,1,0.479
Dan Dare,Elton John,57XwKoGXg3FWaYLXeWDcjg,0.588,0.35,2,1,0.0339,0.807,0.0,0.486,0.434,110.396,198361,4,198.36054,22050,1,0.30766,193.23646,-5.764,110.396,0.486,4,0.922,2,0.59,1,0.674
Motherless Child,John Legend,0y3z37R490UEdkyCdFmFDm,0.702,0.495,0,0,0.0493,0.391,0.8,0.112,0.31,78.507,311892,4,311.89152,22050,1,0.0,298.53315,-11.645,78.507,0.258,4,0.933,0,0.712,0,0.525
Don't Stop,Elton John,7hQJA50XrCWABAu5v6QZ4i,0.559,0.855,5,1,0.186,0.0488,0.000681,0.68,0.605,156.311,209413,4,209.41333,22050,1,0.18014,202.59991,-5.077,156.311,0.395,4,0.765,5,0.518,1,0.406
Don't Go Breaking My Heart,Elton John,3Oa9AekIq67UBax1H9bXp6,0.722,0.932,5,1,0.0371,0.158,0.0,0.0914,0.802,131.473,266147,4,266.14667,22050,1,0.0,249.29524,-4.761,131.473,0.962,4,1.0,5,0.705,1,0.679
Love Of My Life,Queen,790YJcgHlN3SaosQCHlWzn,0.358,0.19,5,1,0.0288,0.927,5.83e-06,0.121,0.269,77.756,217400,4,217.4,22050,1,2.28136,207.44127,-11.355,77.756,0.074,4,0.013,5,0.626,1,0.72
If We Ever Meet Again,Katy Perry,360UM2DaiHZPRu0EsrOvMp,0.646,0.635,1,1,0.0343,0.00657,0.0,0.0579,0.348,126.062,292707,4,292.70667,22050,1,2.08399,292.70667,-7.322,126.062,0.932,4,0.997,1,0.113,1,0.35
She's On Fire,Train,1LWEjUzrngRXdUBaf7GWYI,0.617,0.615,4,1,0.0567,0.0139,0.0,0.0897,0.564,125.898,218631,4,218.63143,22050,1,0.26884,210.0361,-6.518,125.898,0.881,4,0.963,4,0.631,1,0.535
Midnight,Red Hot Chili Peppers,1eyzqe2QqGZUmfcPZtrIyt,0.526,0.712,11,0,0.0356,0.0161,0.0,0.179,0.32,105.009,241440,4,241.44,22050,1,0.48762,228.62367,-6.525,105.009,0.821,4,1.0,11,0.572,0,0.609
A Certain Someone,Red Hot Chili Peppers,4eRDMqA0hhIlLQtOa5elXK,0.695,0.631,9,0,0.0537,0.306,0.0425,0.144,0.91,122.264,264867,4,264.86667,22050,1,0.2912,255.19891,-9.194,122.264,0.808,4,1.0,9,0.756,0,0.619
"Let It Snow, Let It Snow, Let It Snow",Michael Buble,7inXu0Eaeg02VsM8kHNvzM,0.603,0.321,2,1,0.0599,0.881,0.0,0.34,0.844,143.104,155600,4,155.6,22050,1,0.36571,152.25324,-11.489,143.104,0.551,4,1.0,2,0.711,1,0.553
You'll Never Stand Alone,Whitney Houston,3KFbjIFQxMbOKdZ4S3lv4S,0.703,0.488,9,1,0.0254,0.105,0.0,0.272,0.194,103.907,260293,4,260.29333,22050,1,0.23805,250.22404,-6.943,103.907,0.31,4,1.0,9,0.394,1,0.403
Fight Like A Brave,Red Hot Chili Peppers,6NeRpRTcFftvt3j1vF4Pcw,0.714,0.937,5,1,0.107,0.00628,5.88e-05,0.346,0.251,103.646,233760,4,233.76,22050,1,3.39592,229.19837,-3.923,103.646,0.58,4,1.0,5,0.377,1,0.347
Bangers And Mash,Radiohead,2mAWzzAi9pdKwteyg0lNqj,0.637,0.98,9,0,0.115,0.0307,0.000657,0.601,0.65,135.991,199502,4,199.5024,22050,1,0.0,199.50241,-4.981,135.991,0.789,4,1.0,9,0.686,0,0.495
Go It Alone,Elton John,7zeCIWu37bKFJuem8MTyM1,0.864,0.398,1,1,0.053,0.601,0.62,0.109,0.533,74.99,248840,4,248.84,22050,1,0.0,228.60045,-10.414,74.99,0.0,4,0.902,1,0.889,1,0.673
Here I Go Again,Rihanna,1qOU8KzFifXE9YrgjVwYvc,0.292,0.823,7,1,0.0407,0.0117,7.79e-05,0.155,0.244,89.939,275395,4,275.39506,22050,1,0.09247,263.9122,-6.763,89.939,0.354,4,0.971,7,0.64,1,0.633
I'm Beginning To See The Light,Ella Fitzgerald,5m6pbulByW25gIcxCpDvxE,0.761,0.138,5,1,0.083,0.866,0.0,0.147,0.492,112.726,165267,4,165.26667,22050,1,0.52245,159.71846,-13.518,112.726,0.802,4,0.95,5,0.351,1,0.201
I Want It All,Queen,4DtB1PJsbl4KAb2rZVNCUL,0.406,0.846,11,0,0.062,0.0369,2.82e-06,0.353,0.44,92.773,242093,4,242.09333,22050,1,1.00458,229.27383,-5.626,92.773,0.196,4,0.994,11,0.51,0,0.582
Planet Telex,Radiohead,05evePUsIT1cmIURp1hgu6,0.429,0.88,9,0,0.109,0.0206,0.698,0.607,0.255,148.965,259200,3,259.2,22050,1,3.29723,251.71592,-8.013,148.965,0.768,3,0.529,9,0.508,0,0.591
Down Is The New Up,Radiohead,6CNt7GXfOOS5Hkxu8e4vav,0.532,0.845,4,0,0.0433,0.129,0.297,0.119,0.125,104.807,299283,4,299.28317,22050,1,0.0,286.65034,-6.967,104.807,0.548,4,1.0,4,0.634,0,0.529
Lotus Flower,Radiohead,3MAgQuClHcAV8E9CbeBS6f,0.512,0.598,9,0,0.115,0.611,0.0,0.0881,0.345,70.189,213253,4,213.25333,22050,1,0.49365,205.98422,-4.959,70.189,0.032,4,1.0,9,0.516,0,0.551
I Remember You,Ella Fitzgerald,4ZpXHlV2vQVfPXUvbDSZ92,0.345,0.531,0,1,0.0305,0.00642,7.28e-06,0.14,0.49,176.302,313693,4,313.69333,22050,1,0.2381,304.85478,-12.708,176.302,0.016,4,0.961,0,0.755,1,0.472
Umbrella,Train,49FYlytm3dAAraYgpoJZux,0.583,0.829,1,1,0.134,0.00864,0.0,0.0426,0.575,174.028,275987,4,275.98667,22050,1,0.33556,262.65832,-4.603,174.028,0.481,4,1.0,1,0.6,1,0.606
Ain't Nothing Like The Real Thing,Elton John,37soQoNhEEIrhhYgHWK1xU,0.606,0.52,8,1,0.036,0.0356,0.000628,0.354,0.765,93.449,138533,4,138.53333,22050,1,0.22626,127.84907,-11.312,93.449,0.109,4,0.98,8,0.368,1,0.467
Purple Stain,Red Hot Chili Peppers,0tGkxA0oybkQ3iR6LLXPjZ,0.554,0.875,9,1,0.104,0.0157,0.00422,0.0852,0.821,100.988,253373,4,253.37333,22050,1,0.0,245.26658,-1.372,100.988,0.521,4,0.971,9,0.489,1,0.351
Get Back,Elton John,3K7xYRXPFDVyen7cZF5Zk2,0.704,0.713,7,1,0.0719,0.0142,0.0,0.238,0.592,99.301,165773,4,165.77333,22050,1,0.19161,158.69098,-3.411,99.301,0.081,4,0.823,7,0.548,1,0.585
Nothing Touches Me,Radiohead,4M4NnyxMY2Y0QTaUbcdFiZ,0.532,0.828,8,1,0.0422,0.0687,5.78e-05,0.111,0.578,126.811,267225,4,267.22526,22050,1,0.1244,259.11728,-5.081,126.811,0.904,4,1.0,8,0.074,1,0.28
One Of The Boys,Katy Perry,14iN3o8ptQ8cFVZTEmyQRV,0.699,0.76,5,1,0.0677,0.00223,0.0,0.132,0.696,129.996,179640,4,179.64,22050,1,0.10603,176.7561,-3.173,129.996,0.538,4,1.0,5,0.006,1,0.238
Kiss Me Babe It's Christmas Time,Owl City,3Kac7h5Elm66yM6k8DqmBJ,0.705,0.571,0,1,0.0299,0.0201,0.0,0.0924,0.533,105.982,229034,4,229.03351,22050,1,0.1683,215.63211,-7.068,105.982,0.801,4,1.0,0,0.923,1,0.822
We All Want Love,Rihanna,0FhMrYMsry7Dua48m3cBTj,0.531,0.578,0,1,0.0326,0.00421,0.000345,0.243,0.272,148.063,237013,4,237.01333,22050,1,0.08689,233.18059,-6.628,148.063,0.659,4,0.953,0,0.824,1,0.594
Hoop Of Fire,Elton John,3TogYi3mF7a5uLcfoY2XVZ,0.558,0.414,7,1,0.0493,0.133,0.000136,0.291,0.247,169.125,255867,4,255.86667,22050,1,0.74304,245.40009,-17.634,169.125,0.194,4,1.0,7,0.601,1,0.718
Fortune Faded,Red Hot Chili Peppers,37sSud1ZrTpwXPGJP0dbXI,0.524,0.946,11,0,0.0395,0.00163,0.0,0.242,0.613,119.156,201267,4,201.26667,22050,1,0.22054,201.26666,-3.081,119.156,0.765,4,0.686,11,0.201,0,0.301
Mellowship Slinky In B-Major,Red Hot Chili Peppers,5TYQonY07iJP2ULhR4ptce,0.652,0.809,6,0,0.0762,0.00295,0.00928,0.352,0.773,91.919,239960,4,239.96,22050,1,0.0,239.96001,-11.623,91.919,0.407,4,0.847,6,0.203,0,0.339
California Dreamin',Sia,4s6LhHAV5SEsOV0lC2tjvJ,0.552,0.616,1,0,0.0346,0.352,0.0,0.0501,0.667,112.442,162373,4,162.37333,22050,1,0.36803,152.83374,-9.785,112.442,0.814,4,1.0,1,0.568,0,0.6
By Myself,Ella Fitzgerald,6iRTYLWbxXtUz00KQIWiTN,0.685,0.553,1,0,0.0667,0.359,0.0,0.654,0.695,130.022,184625,4,184.62499,22050,1,0.32512,179.83855,-6.965,130.022,0.595,4,0.987,1,0.186,0,0.396
So Much I,Red Hot Chili Peppers,2fhfoZqqTJ8jo4HvWseNfM,0.518,0.87,0,1,0.098,0.0351,0.00707,0.255,0.661,169.665,238133,4,238.13333,22050,1,0.0,221.91891,-4.933,169.665,0.083,4,1.0,0,0.771,1,0.734
Born To Lose,Elton John,4WsQCb1Atrhbb2I78hHCNG,0.229,0.99,4,1,0.158,0.000189,0.0447,0.263,0.173,164.892,184773,4,184.77333,22050,1,4.85297,184.77333,-2.901,164.892,0.065,4,0.938,4,0.217,1,0.315
Written In The Stars,Rihanna,6SLMyJPRTh2zCX9SJJHTZQ,0.612,0.519,9,1,0.0391,0.478,0.0,0.189,0.537,80.882,231341,4,231.34077,22050,1,0.0,223.54431,-5.568,80.882,0.268,4,0.983,9,0.313,1,0.433
Buena Sera,Michael Buble,2N39TpRLHt3sXossZB3If6,0.884,0.577,6,0,0.105,0.103,0.000184,0.0574,0.797,97.973,328200,4,328.2,22050,1,0.0,328.20001,-6.538,97.973,0.894,4,1.0,6,0.225,0,0.566
Blue Room,Ella Fitzgerald,1uKzAldJYlwje9HstlwTie,0.369,0.295,4,1,0.0351,0.657,1.54e-05,0.107,0.211,92.226,171373,4,171.37333,22050,1,0.44644,158.10467,-12.779,92.226,0.328,4,0.993,4,0.676,1,0.612
Hard,Rihanna,1BxkZE73h9BN3qwuA15TA3,0.9,0.653,1,0,0.289,0.0945,0.0,0.528,0.399,112.503,145603,4,145.60349,22050,1,0.10649,130.22912,-6.962,112.503,0.756,4,1.0,1,0.362,0,0.546
Invasion,Eminem,58q2HKrzhC3ozto2nDdN4z,0.816,0.726,5,0,0.129,0.099,0.0,0.372,0.65,136.048,253390,4,253.39029,22050,1,0.15116,241.77197,-3.998,136.048,0.861,4,1.0,5,0.601,0,0.607
Dressing Up,Katy Perry,2xRJzRoP4b8U8evHDmgVB9,0.547,0.485,0,1,0.0412,0.449,0.00163,0.123,0.69,145.421,137027,4,137.02667,22050,1,0.22195,132.69624,-7.527,145.421,0.421,4,0.642,0,0.97,1,0.869
Explanation,Train,0VJYhKhrHgJ7fgjGaC2k07,0.597,0.113,0,1,0.954,0.461,0.000393,0.148,0.313,81.311,50748,5,50.74785,22050,1,2.12463,47.11329,-34.475,81.311,0.0,5,0.733,0,0.493,1,0.157
Silly Boy,Rihanna,1IZvIC5iRUxjJtYKpzSfnv,0.513,0.593,9,1,0.0682,0.0015,0.0,0.0926,0.728,96.67,197240,4,197.24,22050,1,0.0,191.69814,-4.74,96.67,0.684,4,1.0,9,0.622,1,0.476
Heaven For Everyone,Queen,1gZisUSub74637T2rJmimh,0.588,0.444,0,1,0.0308,0.316,2.52e-06,0.158,0.247,110.203,336160,4,336.16,22050,1,8.40562,325.56118,-9.537,110.203,0.66,4,1.0,0,0.802,1,0.723
The One,Rihanna,1XBc4r6ltXjkFJBrsttwIF,0.691,0.402,8,1,0.0599,0.703,0.0,0.463,0.844,139.752,125827,4,125.82667,22050,1,0.0,122.09633,-12.149,139.752,0.073,4,0.846,8,0.494,1,0.622
Crosstown Traffic,Red Hot Chili Peppers,1ntxpzIUbSsizvuAy6lTYY,0.486,0.963,0,0,0.129,0.248,2.39e-06,0.158,0.533,113.133,146573,4,146.57333,22050,1,0.0,130.77478,-5.586,113.133,0.75,4,0.586,0,0.306,0,0.454
Ballad Of The Boy In The Red Shoes,Elton John,4kuyZgXXl3KAFCqz3D4X8X,0.611,0.721,8,1,0.0261,0.0938,0.0,0.114,0.596,126.0,291773,4,291.77333,22050,1,0.28454,279.68435,-5.984,126.0,0.763,4,0.983,8,0.789,1,0.774
The Invisible Man,Queen,0h15VlXIzD1MwKwNi12ois,0.71,0.8,0,1,0.0396,0.196,0.0107,0.333,0.652,120.015,237680,4,237.68,22050,1,0.22635,226.2146,-6.815,120.015,0.803,4,1.0,0,0.759,1,0.69
Every Day Is A Holiday,Katy Perry,0IsLapLeRiHMrkenZIUDfP,0.43,0.545,10,1,0.027,0.0665,0.00057,0.0999,0.398,79.758,339660,4,339.66005,22050,1,0.30154,329.17769,-5.526,79.758,0.155,4,0.993,10,0.733,1,0.626
Hellbound,Eminem,3IPpgcViKQ2E81XgMnT3yw,0.268,0.568,9,0,0.0348,0.0586,0.651,0.188,0.533,165.443,550507,4,550.50667,22050,1,9.5376,538.78422,-17.062,165.443,0.387,4,1.0,9,0.507,0,0.468
Peppermint Winter,Owl City,6wKhmDj3Ci3Qlj1D3ezjmR,0.499,0.802,0,1,0.0354,0.236,0.0,0.104,0.145,77.005,240560,3,240.56,22050,1,0.49311,224.71692,-4.81,77.005,0.03,3,0.919,0,0.638,1,0.719
Death Of A Martian,Red Hot Chili Peppers,21YMiAQTystq882x5Sh0R5,0.457,0.874,0,0,0.0482,0.0111,0.0,0.0797,0.423,114.797,264800,4,264.8,22050,1,0.22417,258.38585,-3.059,114.797,0.594,4,0.917,0,0.618,0,0.554
Blue Moon,Ella Fitzgerald,1jhtxc7ON8ZzgvWGPwWXUN,0.468,0.331,3,1,0.036,0.613,0.00108,0.129,0.09,102.448,215507,4,215.50667,22050,1,0.0,201.16608,-11.052,102.448,0.189,4,1.0,3,0.17,1,0.378
You Give Good Love,Whitney Houston,0t6DdFmFQhQYWhmfa5FJer,0.559,0.365,5,1,0.0332,0.686,0.0,0.0771,0.534,74.802,277240,4,277.24,22050,1,1.20608,262.80345,-13.654,74.802,0.0,4,1.0,5,0.249,1,0.41
Hold On Longer,John Legend,5GNvTRrghExnVkZfAasBXg,0.42,0.359,6,0,0.0289,0.894,0.426,0.344,0.181,121.091,158093,3,158.09333,22050,1,0.23229,140.6839,-9.059,121.091,0.374,3,0.936,6,0.446,0,0.459
I Cried For You,Ella Fitzgerald,33d14BJBbgbcQbcDhreYCs,0.736,0.554,7,1,0.17,0.135,5.86e-05,0.103,0.435,98.989,243663,4,243.66295,22050,1,0.15098,243.66295,-8.79,98.989,0.869,4,1.0,7,0.701,1,0.673
If I Had...,Eminem,3FnkZFv7kbxwlgaLgbqeDc,0.794,0.569,2,1,0.0371,0.663,0.00343,0.0898,0.706,92.915,238813,4,238.81333,22050,1,0.13941,229.16934,-8.057,92.915,0.138,4,1.0,2,0.634,1,0.594
Dem Haters,Rihanna,7jP5dRMrHFQZblvBftHhbZ,0.727,0.594,11,0,0.0908,0.0132,0.0,0.0301,0.467,82.015,257867,4,257.86667,22050,1,0.17728,241.96934,-4.52,82.015,0.328,4,1.0,11,0.388,0,0.541
Hopeless,Train,7IBSffWIu7P2MC7kMwy2FM,0.877,0.477,9,0,0.0587,0.307,0.0,0.0929,0.552,127.023,226743,4,226.74286,22050,1,0.0,208.4107,-7.379,127.023,0.978,4,0.703,9,0.427,0,0.448
Green And Gold,Eminem,4VPpZXXeZHfpzvHNaPjLcF,0.7,0.4,7,1,0.0465,0.212,0.000321,0.55,0.28,93.959,278200,4,278.2,22050,1,0.19791,271.61542,-8.46,93.959,0.522,4,0.371,7,0.796,1,0.748
Paper Doll,Michael Buble,5FDh0G5oQ2UD9JxWiDCT1x,0.658,0.475,7,1,0.0292,0.521,0.0067,0.176,0.685,153.851,257387,4,257.38667,22050,1,0.20317,250.49687,-11.703,153.851,0.499,4,1.0,7,0.568,1,0.62
God Rest Ye Merry Gentlemen,Ella Fitzgerald,1qLOhifWdJuFo5tClf7fWP,0.417,0.254,0,0,0.0424,0.982,8.86e-05,0.508,0.642,91.174,137267,3,137.26667,22050,1,0.37447,133.48571,-11.893,91.174,0.035,3,0.16,0,0.326,0,0.593
Ill Wind,Ella Fitzgerald,5RMTMx6CQ5g8ZoYTnh9dkB,0.293,0.514,9,1,0.0552,0.672,0.00027,0.0841,0.355,154.217,323493,4,323.49333,22050,1,5.23029,309.89351,-12.081,154.217,0.186,4,0.994,9,0.326,1,0.351
Mommy Where's Daddy,Red Hot Chili Peppers,6DvCkB04CgSj9t9zd2mBY9,0.744,0.576,0,1,0.0415,0.008,0.0173,0.0404,0.818,88.507,211333,4,211.33333,22050,1,0.22744,193.72408,-8.276,88.507,0.08,4,1.0,0,0.771,1,0.492
I Can Hear Music,Queen,1hcMfYTsRTC4hIKbfosxjz,0.511,0.603,2,1,0.028,0.0385,1.67e-06,0.142,0.685,128.336,157293,4,157.29333,22050,1,0.37814,145.38014,-7.637,128.336,0.591,4,1.0,2,1.0,1,0.773
I Go To The Rock,Whitney Houston,2Sx7ifYacUq3ZbKJVpsMkm,0.596,0.758,10,1,0.0485,0.268,0.0,0.587,0.636,127.803,245227,4,245.22667,22050,1,0.60454,238.82884,-8.47,127.803,0.693,4,0.862,10,0.358,1,0.276
I'll Never Be The Same,Ella Fitzgerald,5WD8EzYK4mFtc4yHfiRplP,0.729,0.177,0,1,0.0404,0.953,0.000105,0.418,0.563,89.909,181533,4,181.53333,22050,1,0.08127,178.71819,-13.707,89.909,0.65,4,1.0,0,0.581,1,0.597
Ac-Cent-Tchu-Ate The Positive,Ella Fitzgerald,7kjhZR3dESBnn0GoHf3tVI,0.644,0.313,1,1,0.141,0.908,5.29e-05,0.22,0.933,137.618,162507,4,162.50667,22050,1,3.1463,158.38912,-14.314,137.618,0.625,4,0.943,1,0.703,1,0.626
Numb,Sia,01TnVDiet1DFTsyWKUKovl,0.414,0.416,11,0,0.0251,0.1,0.179,0.131,0.196,159.91,186268,4,186.26798,22050,1,0.0,180.07655,-8.024,159.91,0.414,4,0.642,11,0.336,0,0.532
Magpies On Fire,Red Hot Chili Peppers,3R1HMn3ZYaazCW3sJT52ZF,0.522,0.694,10,1,0.0269,0.0827,0.0,0.0985,0.358,82.034,224440,4,224.44,22050,1,0.59773,212.7122,-5.674,82.034,0.409,4,0.966,10,0.636,1,0.606
Spectre 007 Theme,Sam Smith,NA,,,,,,,,,,,,,,,,,,,,,,,,,,
I'm Every Woman,Whitney Houston,2M55R2A9IAhLdsCGFj8r8k,0.537,0.929,5,0,0.0446,0.0145,0.000618,0.188,0.717,114.785,213267,4,213.26667,22050,1,2.54839,208.20753,-4.957,114.785,0.851,4,1.0,5,0.418,0,0.634
I Might Be Wrong,Radiohead,0JhpYE9xA3UpSFrmXTZyIF,0.601,0.735,7,0,0.0255,0.263,0.795,0.11,0.505,102.891,293773,4,293.77333,22050,1,3.34367,283.84653,-8.321,102.891,0.625,4,1.0,7,0.0,0,0.112
West Coast Friendship,Owl City,0G8vwB1TTrRpDnh3UhDU6S,0.581,0.632,9,1,0.0324,0.0219,0.0,0.0978,0.499,159.956,246640,4,246.64,22050,1,0.19746,225.30902,-8.436,159.956,0.18,4,0.405,9,0.0,1,0.165
Silver Bells,Michael Buble,4QX5pZQpQTgVlkqfUTDim0,0.273,0.259,8,1,0.0306,0.9,0.0,0.308,0.604,97.085,142560,3,142.56,22050,1,0.38118,135.01243,-13.967,97.085,0.294,3,0.98,8,0.977,1,0.745
Joy To The World,Whitney Houston,1VuAamHM7P3VQQEXYGG3Uu,0.553,0.337,10,1,0.03,0.818,0.0,0.113,0.662,101.918,84987,4,84.98667,22050,1,0.0,79.63864,-10.334,101.918,0.066,4,1.0,10,0.632,1,0.529
Get It Back,Whitney Houston,4MLBqAEzNN89o2M9h92Z26,0.761,0.592,2,1,0.0586,0.492,0.00626,0.61,0.332,123.095,189387,4,189.38667,22050,1,0.40694,179.82694,-9.836,123.095,0.709,4,0.791,2,0.907,1,0.704
Prove Yourself,Radiohead,4D6ZExVvYLZxhcAvifX5px,0.25,0.62,0,1,0.0611,0.000849,0.0848,0.175,0.319,114.098,145373,4,145.37333,22050,1,0.1907,133.9327,-10.915,114.098,0.531,4,0.836,0,0.376,1,0.511
"Johnny, Kick A Hole In The Sky",Red Hot Chili Peppers,6vIf6kXGafCa6bBgXVSvnN,0.644,0.997,11,0,0.0991,0.00629,0.0,0.159,0.168,120.088,320907,4,320.90667,22050,1,0.32653,302.64308,-2.723,120.088,0.877,4,1.0,11,0.0,0,0.051
Polar Bear,Queen,2Wa1LMgomQa5OJuaOSnv1B,0.512,0.558,5,1,0.0351,0.00814,0.0139,0.159,0.0374,83.979,242680,4,242.68,22050,1,0.44,239.62413,-6.229,83.979,0.219,4,0.661,5,0.078,1,0.322
Nothing Like The First Time,Katy Perry,2zZmV2k2YjLOJJhJWvxmsV,0.264,0.2,0,1,0.0424,0.173,0.51,0.0982,0.0358,136.0,554118,4,554.11764,22050,1,0.0,546.34231,-15.314,136.0,0.122,4,0.89,0,0.017,1,0.357
Save This Lady,Red Hot Chili Peppers,4pHrOYHfEFUKaHaxupTOnA,0.333,0.502,4,0,0.0857,0.00602,0.0874,0.0874,0.35,172.375,426627,4,426.62667,22050,1,0.0,416.07256,-12.99,172.375,0.124,4,0.94,4,0.426,0,0.502
Holiday In Cambodia,Foo Fighters,2OuNnwnNQyWrF47pthWxNb,0.133,0.927,7,1,0.0741,0.00344,0.00044,0.0915,0.5,197.708,224867,4,224.86667,22050,1,0.08413,222.2556,-5.371,197.708,0.212,4,1.0,7,0.415,1,0.478
Wake Up Everybody,John Legend,763jJ8T1utfvNqz1WRDzx4,0.573,0.546,6,1,0.0631,0.154,0.0,0.186,0.636,98.223,451400,4,451.4,22050,1,0.29016,443.33859,-12.163,98.223,0.679,4,1.0,6,0.622,1,0.534
I'll Meet You There,Owl City,5yej7ZOcsmAgfOlBsov1ED,0.5,0.803,4,1,0.0344,0.0513,0.0,0.173,0.781,164.013,182320,4,182.32,22050,1,0.18848,170.26032,-3.282,164.013,0.251,4,0.601,4,0.583,1,0.537
A Winter's Tale,Queen,26mWof6V1cuAmp8KSbTEIo,0.55,0.0548,9,1,0.0549,0.902,0.895,0.106,0.265,164.282,199866,3,199.86626,22050,1,0.22068,191.83746,-30.269,164.282,0.342,3,1.0,9,0.64,1,0.359
Million Dollar Question,Radiohead,5kQr86F5KOLx5gIfpfAeNV,0.14,0.869,2,1,0.12,0.000619,0.0501,0.0394,0.315,166.534,198200,4,198.2,22050,1,0.43932,182.31728,-11.682,166.534,0.435,4,0.936,2,0.546,1,0.611
I Love Paris,Ella Fitzgerald,6DH3tZeaV2AZuaCJcdidRd,0.786,0.338,0,1,0.234,0.542,0.00987,0.109,0.56,113.878,215413,4,215.41333,22050,1,0.46807,207.56898,-14.19,113.878,0.818,4,1.0,0,0.503,1,0.387
Feel Like Makin' Love,Queen,3KPwt1LBpt1jVSHz8GXERo,0.543,0.529,7,1,0.0301,0.326,0.00269,0.709,0.746,85.126,313840,4,313.84,22050,1,0.16848,297.23283,-9.717,85.126,0.251,4,1.0,7,0.716,1,0.72
Insidiously,Sia,5TG35p7Ns9LJYa7Wkfcujf,0.438,0.676,4,1,0.0669,0.283,0.511,0.158,0.405,91.215,530253,3,530.25333,22050,1,0.0,467.7776,-10.62,91.215,0.245,3,0.97,4,0.0,1,0.134
Saving All My Love For You,Whitney Houston,1lx8ddGT5wCD6W2xmLeRKG,0.636,0.264,6,0,0.0263,0.593,4.22e-05,0.275,0.264,99.304,238467,3,238.46667,22050,1,0.94073,218.999,-14.567,99.304,0.039,3,1.0,6,0.426,0,0.509
All My Life,Ella Fitzgerald,5GorFaKkP2mLREQvhSblIg,0.634,0.528,1,1,0.0309,0.117,2.26e-06,0.0565,0.18,128.0,331240,4,331.24,22050,1,0.37161,307.50766,-8.834,128.0,0.624,4,0.731,1,0.549,1,0.658
Electricity,Elton John,5N4erncE7kuUccm7zEmwzk,0.588,0.67,0,1,0.0473,0.0104,3.33e-06,0.338,0.505,118.159,238173,4,238.17333,22050,1,0.238,230.01687,-6.439,118.159,0.706,4,1.0,0,0.422,1,0.479
Outside,Foo Fighters,3sA7HKGzcKTVscdiTCrWpX,0.851,0.666,11,0,0.0694,0.139,0.0,0.105,0.0585,134.068,129105,4,129.1054,22050,1,0.0,129.10539,-5.334,134.068,0.55,4,1.0,11,0.645,0,0.526
Dementia,Owl City,1iDugXsvJ2cb5snhHP3t41,0.308,0.993,0,1,0.159,0.0459,0.00392,0.0773,0.0825,127.511,283853,4,283.85333,22050,1,3.93578,271.51093,-3.853,127.511,0.704,4,1.0,0,0.238,1,0.471
Stone Cold Crazy,Queen,1v870eS7JuHSeBNBFsVz3b,0.425,0.928,7,1,0.0853,0.0237,0.00429,0.0908,0.464,120.421,133813,4,133.81333,22050,1,0.0,131.75583,-6.531,120.421,0.346,4,0.441,7,0.481,1,0.335
Must Be The Ganja,Eminem,5PVv4YALJruehQKyAlwjfE,0.759,0.81,1,1,0.288,0.343,0.0,0.34,0.78,83.03,242907,4,242.90667,22050,1,0.0,242.90666,-0.026,83.03,0.368,4,1.0,1,0.209,1,0.355
House,Elton John,0N8MGHEDAq29ip7RrlrTeN,0.537,0.837,0,1,0.039,0.19,0.0,0.348,0.533,90.083,206120,4,206.12,22050,1,0.0698,198.14748,-4.477,90.083,0.031,4,1.0,0,0.514,1,0.581
Maxine's Interlude,John Legend,14gPCmJHuXrgGiytQGnv3Q,0.384,0.643,9,1,0.035,0.246,0.843,0.491,0.513,167.826,110467,4,110.46667,22050,1,0.23923,104.51882,-9.739,167.826,0.322,4,1.0,9,0.42,1,0.413
Savior,Red Hot Chili Peppers,3asFGFY3uLjMDmML1p0tYm,0.549,0.93,5,0,0.0487,0.00164,6.67e-05,0.39,0.526,112.447,242280,4,242.28,22050,1,0.1151,235.8741,-3.468,112.447,0.729,4,0.708,5,0.379,0,0.474
Khashoggi's Ship,Queen,036T4a68p0Ah71ed1yz9y2,0.508,0.755,11,1,0.0794,0.211,5.7e-05,0.394,0.6,95.118,166973,4,166.97333,22050,1,0.0,157.77379,-9.549,95.118,0.506,4,1.0,11,0.513,1,0.632
Amy,Elton John,30FURVTCpbKyykjSEQzGkH,0.49,0.725,10,1,0.0392,0.123,2.68e-05,0.0983,0.335,123.28,240440,4,240.44,22050,1,0.16884,232.78585,-3.304,123.28,0.068,4,0.942,10,0.028,1,0.219
Fairy Tales,Ella Fitzgerald,2w7CXqA8SonrkEC74zuBVM,0.509,0.59,7,1,0.114,0.757,0.0,0.152,0.443,160.25,234023,3,234.02295,22050,1,0.0,225.45415,-6.523,160.25,0.179,3,1.0,7,0.237,1,0.35
I'm In Love With My Car,Queen,1EID0aupOLdv4ZDQu2Jbrz,0.3,0.813,4,0,0.0697,0.0132,1.3e-05,0.232,0.321,143.772,184893,3,184.89333,22050,1,0.0,179.53669,-8.508,143.772,0.365,3,0.95,4,0.49,0,0.385
Step On Me,Queen,1wEeNtO7z41aUqC80shxqK,0.689,0.679,7,0,0.0321,0.0838,0.000124,0.14,0.669,123.443,255220,4,255.22018,22050,1,0.38431,242.89234,-12.14,123.443,0.88,4,0.916,7,0.72,0,0.747
Pictures,Sia,4Q3N4Ct4zCuIHuZ65E3BD4,0.497,0.489,11,0,0.294,0.0576,9.91e-05,0.122,0.231,171.853,268187,4,268.18667,22050,1,0.15651,268.18668,-7.724,171.853,0.329,4,1.0,11,0.567,0,0.563
Do Ya Thing,Rihanna,5ZcmLAogrj4HF8Odrz9XA2,0.754,0.763,1,1,0.295,0.32,0.0,0.143,0.704,159.963,265693,3,265.69333,22050,1,0.23406,263.3259,-6.57,159.963,0.39,3,0.807,1,0.66,1,0.546
Live-In Skin,Foo Fighters,6olSqj5lSv0Fy8iB0MUU5c,0.492,0.97,2,1,0.0616,3.71e-05,0.0,0.155,0.487,118.211,232720,4,232.72,22050,1,0.22104,232.72,-3.877,118.211,0.817,4,1.0,2,0.685,1,0.505
Baby (You've Got What It Takes),Michael Buble,6gn3MDRvr5iUAA2aPgEX2X,0.675,0.604,3,1,0.066,0.836,0.00167,0.654,0.808,133.412,165760,4,165.76,22050,1,0.19324,157.58803,-9.334,133.412,0.785,4,0.852,3,0.448,1,0.366
A Ship Without A Sail,Ella Fitzgerald,2RcZIrOCedVC6RYHTnlm7y,0.402,0.841,8,1,0.0333,0.0552,0.0,0.139,0.784,169.541,278680,4,278.68,22050,1,1.34091,265.72336,-8.136,169.541,0.13,4,1.0,8,0.466,1,0.534
My Name Is Not Susan,Whitney Houston,7623p8KZ24WTeO0NeIb4tV,0.781,0.899,11,0,0.0558,0.178,0.0,0.351,0.509,101.126,277933,4,277.93333,22050,1,0.48753,267.1688,-7.875,101.126,0.471,4,1.0,11,0.0,0,0.14
I Wish You Love,Michael Buble,76puoNshqjAAocKl5KbmpQ,0.486,0.448,7,1,0.0342,0.757,0.0,0.0852,0.17,152.864,296040,3,296.04,22050,1,0.13347,279.9688,-9.133,152.864,0.316,3,0.964,7,0.464,1,0.406
Murder Murder,Eminem,7eBqSVxrzQZtK2mmgRG6lC,0.759,0.73,0,0,0.0516,0.145,3.06e-06,0.11,0.74,115.007,268434,4,268.43429,22050,1,0.16834,250.4156,-7.985,115.007,0.44,4,0.676,0,0.565,0,0.751
"For You, For Me For Evermore",Ella Fitzgerald,0CPmQErlKTaWgsGfmpOyiy,0.485,0.25,1,1,0.0542,0.816,0.0,0.114,0.342,130.92,188187,4,188.18667,22050,1,0.1615,177.04054,-9.962,130.92,0.306,4,0.598,1,0.424,1,0.495
Dreams Are Made For Children,Ella Fitzgerald,2tnE9JY4NpZ8DPk2Y1VYIA,0.305,0.086,1,1,0.0415,0.965,0.000133,0.249,0.147,127.007,157653,5,157.65333,22050,1,0.08172,153.03111,-17.952,127.007,0.071,5,0.943,1,0.841,1,0.57
Lost Opportunity,Queen,3uE41GyBRAF0bF9Z0ltQrt,0.369,0.439,4,1,0.0276,0.348,0.0538,0.15,0.169,148.421,231800,3,231.8,22050,1,0.20898,226.84154,-12.167,148.421,0.073,3,1.0,4,0.725,1,0.48
If You Want Me To Stay,Red Hot Chili Peppers,2BydLQAh7CUIFvSEqAMc4x,0.843,0.48,11,0,0.0492,0.28,0.000782,0.108,0.762,101.993,180493,4,180.49333,22050,1,0.22467,167.31138,-11.574,101.993,0.115,4,0.787,11,0.404,0,0.348
I'm Alone Again,Foo Fighters,7wz42M1Ta2q2Yab7WecFEh,0.657,0.537,3,1,0.0517,0.00517,0.963,0.0732,0.191,102.003,151484,4,151.48408,22050,1,4.19701,141.32825,-9.036,102.003,0.126,4,1.0,3,0.896,1,0.761
Empty Handed,Foo Fighters,4rDwTksjXHBngObS3cXAX0,0.148,0.966,7,1,0.103,2.42e-05,0.00529,0.357,0.197,93.046,267147,4,267.14667,22050,1,0.0,258.53098,-2.797,93.046,0.129,4,0.905,7,0.606,1,0.505
Gimme Some Lovin',Queen,3qCHUm73I3o5F1mDEfibzo,0.593,0.549,0,1,0.0329,0.151,0.000393,0.43,0.396,147.554,178840,4,178.84,22050,1,0.39474,168.50141,-6.394,147.554,0.078,4,1.0,0,0.58,1,0.563
"January 28, 1986",Owl City,2XHvUKizLgTJpmet7YWgZH,0.398,0.476,1,1,0.165,0.542,0.0,0.191,0.611,102.494,37973,1,37.97333,22050,1,2.84444,37.97333,-14.605,102.494,0.33,1,0.942,1,0.677,1,0.514
Fragile Friend,Radiohead,5VRjjOvhj5gaoN3KC96c34,0.628,0.496,7,1,0.0331,0.367,0.0978,0.0602,0.369,107.122,256093,4,256.09333,22050,1,4.23184,248.04136,-11.71,107.122,0.86,4,0.986,7,0.073,1,0.306
If I Were A Bell,Ella Fitzgerald,0x3VS084OocWXmOs6nPYGC,0.612,0.483,5,1,0.0414,0.808,0.000279,0.19,0.649,92.721,493160,4,493.16,22050,1,0.99755,487.76417,-7.838,92.721,0.241,4,0.752,5,0.285,1,0.438
Liar,Queen,2RSHsoi04658QL5xgQVov3,0.383,0.637,3,1,0.0703,0.0722,0.0,0.368,0.0827,177.913,260773,4,260.77333,22050,1,0.23107,250.8742,-6.993,177.913,0.04,4,1.0,3,0.294,1,0.542
Don't Bring Me Down,Sia,72ahyckBJfTigJCFCviVN7,0.638,0.867,2,1,0.0331,0.144,0.000733,0.0846,0.805,115.692,243373,4,243.37333,22050,1,0.14322,236.72163,-6.469,115.692,0.798,4,0.814,2,0.493,1,0.498
I Can't Give You Anything But Love,Ella Fitzgerald,6rPeI30oZ1yoATa1cDmEFS,0.505,0.522,2,1,0.0455,0.563,0.000168,0.311,0.546,126.356,193307,4,193.30667,22050,1,0.38104,185.58549,-7.207,126.356,0.162,4,0.942,2,0.608,1,0.489
Bruises,Train,5y0ET06ZzyxDzR4lB4JGhP,0.571,0.259,4,1,0.0773,0.961,0.0,0.153,0.378,110.913,218492,4,218.49247,22050,1,0.19138,211.51637,-9.353,110.913,0.265,4,0.972,4,0.168,1,0.358
Dream A Little Dream Of Me,Ella Fitzgerald,5MjAGtm2ihbBK9G30ZN3Ju,0.549,0.169,9,0,0.0779,0.918,0.0,0.159,0.36,79.318,187693,4,187.69333,22050,1,0.60639,178.19574,-13.433,79.318,0.108,4,0.84,9,0.0,0,0.208
C'mon Girl,Red Hot Chili Peppers,0CZQNI3Evb4Nd8GeU49LFj,0.546,0.884,11,0,0.0374,0.0249,0.000276,0.457,0.62,112.331,228667,4,228.66667,22050,1,0.06744,222.78385,-3.719,112.331,0.956,4,1.0,11,0.742,0,0.664
Castles Made Of Sand,Red Hot Chili Peppers,3qebSLgUwaEqbwCM5sj5Kh,0.461,0.714,11,0,0.313,0.504,0.0171,0.684,0.454,94.372,168920,4,168.92,22050,1,0.42776,161.09424,-9.159,94.372,0.438,4,0.928,11,0.419,0,0.465
I Am In Love,Ella Fitzgerald,4UKCKdYiLN6IMA5ZESUTL7,0.699,0.304,1,1,0.0993,0.779,0.000993,0.137,0.271,119.705,160184,4,160.18444,22050,1,0.0,160.18445,-11.192,119.705,0.218,4,1.0,1,0.053,1,0.464
Nude,Radiohead,5k7VKj1Xwy5DjO4B0PdAOb,0.537,0.342,4,1,0.0338,0.833,0.6,0.0856,0.156,128.331,255387,3,255.38667,22050,1,0.0,248.04717,-9.785,128.331,0.498,3,1.0,4,0.306,1,0.445
I'm Just A Lucky So And So,Ella Fitzgerald,3K2WtSk17O9xNROXc1W8Hr,0.591,0.113,0,1,0.0446,0.974,0.0,0.0972,0.369,66.961,177267,4,177.26667,22050,1,0.52222,166.56834,-16.203,66.961,0.169,4,0.721,0,0.418,1,0.422
How To Disappear Completely,Radiohead,69pwmeyvQMuHMtkCmpEWhQ,0.168,0.302,6,0,0.0344,0.315,0.79,0.11,0.205,102.041,356333,4,356.33333,22050,1,0.07442,344.39837,-11.645,102.041,0.101,4,1.0,6,0.573,0,0.674
Whatever It Takes,Michael Buble,6Qn5zhYkTa37e91HC1D7lb,0.672,0.655,10,0,0.0311,0.0362,0.0,0.117,0.556,134.945,201240,4,201.24,22050,1,0.33669,193.02748,-5.021,134.945,0.467,4,1.0,10,0.0,0,0.158
Separator,Radiohead,2rA36OZNb3LkvqcNro1ugK,0.693,0.776,3,1,0.056,0.0395,0.737,0.0884,0.659,113.808,319249,4,319.24912,22050,1,0.0,311.65823,-9.804,113.808,1.0,4,1.0,3,0.26,1,0.177
When The Fog Rolls In,Train,7Jg93eTHUzLaePH9Ki6lfP,0.276,0.576,2,1,0.0344,0.191,0.00016,0.082,0.223,172.08,261760,3,261.76,22050,1,0.30912,250.04408,-3.849,172.08,0.232,3,1.0,2,0.949,1,0.916
Maxine,John Legend,0Ar1ynkK5zEqFsw2vgez4w,0.678,0.524,5,1,0.0708,0.53,2.46e-05,0.153,0.891,148.246,198333,4,198.33333,22050,1,0.782,181.4117,-9.679,148.246,0.338,4,1.0,5,0.756,1,0.502
This Moment,Katy Perry,6gp6sejiJXYU1i6xHPf8hh,0.253,0.00611,4,1,0.0489,0.995,0.959,0.0861,0.309,81.02,154663,4,154.66349,22050,1,0.5581,141.92617,-29.25,81.02,0.106,4,0.985,4,0.52,1,0.637
Stories,Sia,2P4OICZRVAQcYAV2JReRfj,0.579,0.736,6,0,0.0527,0.31,0.0,0.198,0.613,127.999,230613,4,230.61333,22050,1,0.31347,225.01878,-3.863,127.999,0.718,4,0.987,6,0.55,0,0.707
How Will I Know,Whitney Houston,5tdKaKLnC4SgtDZ6RlWeal,0.832,0.544,6,1,0.0442,0.201,0.000139,0.632,0.928,119.49,275533,4,275.53333,22050,1,1.33229,266.0078,-12.697,119.49,0.781,4,1.0,6,0.727,1,0.592
Chasing Your Love,John Legend,2mGADwt2WeR3D4LevhX7VP,0.717,0.305,4,1,0.0371,0.91,0.0356,0.108,0.327,153.937,225462,4,225.46245,22050,1,0.26118,218.37206,-14.905,153.937,0.301,4,1.0,4,0.731,1,0.66
I Was Born To Love You,Queen,1CKo7tzWiPzIGXc28DrABh,0.452,0.912,8,1,0.0822,0.097,0.0,0.0982,0.522,139.072,289813,4,289.81333,22050,1,0.20304,283.21379,-5.986,139.072,0.534,4,0.788,8,0.592,1,1.0
Georgia On My Mind,Ella Fitzgerald,4IbOPxstIn2KbdlWf5xRZ0,0.269,0.239,0,0,0.03,0.842,0.00194,0.0938,0.162,176.916,188227,3,188.22667,22050,1,3.34367,175.62993,-10.522,176.916,0.302,3,0.745,0,0.282,0,0.481
Sail Away Sweet Sister,Queen,1OnaB4QOjUqfpMY5iEa2Pd,0.528,0.508,9,1,0.0262,0.825,0.0,0.0889,0.205,80.346,213427,4,213.42667,22050,1,2.14204,198.94857,-6.801,80.346,0.311,4,0.967,9,0.037,1,0.365
Fascist Faces,Elton John,2byAwZoNnmSKGMdPo7hyS9,0.53,0.745,5,1,0.0335,0.155,1.04e-05,0.149,0.491,81.707,311427,4,311.42667,22050,1,0.17297,294.9805,-9.777,81.707,0.176,4,0.995,5,0.941,1,0.624
Afterparty,Rihanna,0y8Wf6ltWpGCpgqVa21QNX,0.653,0.794,7,1,0.0894,0.121,0.0,0.365,0.645,93.008,219480,4,219.48,22050,1,0.0,215.20834,-3.828,93.008,0.256,4,1.0,7,0.56,1,0.576
Butterfly Wings,Owl City,6GtX0jaNL8IjVQfrDBx81z,0.404,0.72,10,0,0.0626,5.59e-05,0.836,0.0466,0.475,121.649,258467,4,258.46667,22050,1,0.18463,249.95701,-9.18,121.649,0.602,4,0.905,10,0.53,0,0.626
It Ain't Gonna Be Easy,Elton John,0PuA4sglslF8Tp3mwadnaA,0.617,0.455,6,0,0.0392,0.172,0.0,0.0556,0.254,130.052,507933,4,507.93333,22050,1,0.3541,481.73859,-10.758,130.052,0.407,4,0.997,6,0.262,0,0.413
Knives Out,Radiohead,2xbrMtkxp399aSiCJ8EAON,0.433,0.675,2,0,0.0337,0.0911,0.293,0.159,0.184,137.268,254867,4,254.86667,22050,1,0.0,244.26231,-6.702,137.268,0.901,4,0.897,2,0.721,0,0.736
Give Me The Ball,Eminem,49YkD4yiwjJKxdAGYnPLmG,0.204,0.808,4,1,0.0401,0.00186,0.0,0.147,0.17,165.374,243267,4,243.26667,22050,1,0.0,234.57379,-5.018,165.374,0.229,4,0.541,4,0.262,1,0.372
And The House Fell Down,Elton John,0RpONLhBIzTPj90Hl0ukAv,0.576,0.666,0,0,0.0883,0.207,0.141,0.112,0.591,172.025,288653,4,288.65333,22050,1,0.19751,281.19946,-6.637,172.025,0.269,4,1.0,0,0.748,0,0.71
I Saw Her Standing There,Elton John,3KiexfmhxHvG5IgAElmTkd,0.491,0.801,4,1,0.0361,0.27,0.0,0.0665,0.971,160.109,173947,4,173.94667,22050,1,1.03329,167.73515,-9.835,160.109,0.138,4,1.0,4,0.681,1,0.603
I Look To You,Whitney Houston,6I40ZPL4cb2buc3A7sH5YL,0.215,0.395,11,1,0.0339,0.0616,8.11e-06,0.254,0.158,135.893,452520,4,452.52,22050,1,0.0,452.51999,-8.716,135.893,0.292,4,0.745,11,0.814,1,0.599
Ful Stop,Radiohead,4CzTgOmc3Sdm4EgKQWzjQl,0.426,0.661,0,1,0.0503,0.353,0.94,0.619,0.178,151.191,367349,3,367.3488,22050,1,0.0,358.19102,-9.877,151.191,0.379,3,0.788,0,0.195,1,0.405
Stop Whispering,Radiohead,2zYmvi3w2T8a9Ckrv21bvW,0.212,0.696,2,1,0.0472,0.000849,0.0165,0.129,0.298,122.37,325627,4,325.62667,22050,1,0.22186,313.95701,-10.059,122.37,0.532,4,0.987,2,0.96,1,0.957
C-lebrity,Queen,3AtX6qi8BMZTmDpAcc92vM,0.497,0.892,9,1,0.0981,0.0163,0.0,0.0923,0.629,105.102,218240,4,218.24,22050,1,0.19034,215.45215,-5.469,105.102,0.483,4,1.0,9,0.508,1,0.486
Honky Tonk Women,Elton John,3RZMzCvYsmJ0u2ioKTOsmJ,0.562,0.768,7,1,0.0606,0.381,0.03,0.168,0.966,119.544,179387,4,179.38667,22050,1,0.16839,174.0858,-6.613,119.544,0.737,4,0.97,7,0.734,1,0.579
Floating Away,John Legend,3GDQhmgFLvHDF0Tm8IKKev,0.746,0.231,5,0,0.0375,0.884,0.532,0.0885,0.612,101.424,303000,4,303.0,22050,1,0.0,276.6019,-18.956,101.424,0.317,4,0.867,5,0.354,0,0.509
Leaving Tonight,Rihanna,6C0T7QMpmeDoDkke32Ctqb,0.566,0.681,9,0,0.0299,0.0149,0.0,0.104,0.187,119.916,203880,4,203.88,22050,1,3.91256,194.31039,-5.443,119.916,0.6,4,0.953,9,0.43,0,0.5
Russian Roulette,Rihanna,7puC9LjNg0ItpjTz28yeaY,0.706,0.902,7,0,0.0352,0.00909,0.00137,0.17,0.964,130.024,211213,4,211.21333,22050,1,0.47601,206.95946,-2.543,130.024,0.954,4,0.906,7,0.471,0,0.428
White Limo,Foo Fighters,57dem1V7wz8owejklpELCh,0.368,0.939,9,0,0.0382,5.29e-06,0.898,0.082,0.615,84.08,202467,4,202.46667,22050,1,0.14499,197.61923,-3.65,84.08,0.623,4,0.871,9,0.595,0,0.523
Thinking About You,Whitney Houston,1KtD0xaLAikgIt5tPbteZQ,0.725,0.874,0,0,0.0396,0.00262,0.000412,0.0958,0.748,127.985,247933,4,247.93333,22050,1,0.13923,238.8927,-3.715,127.985,0.62,4,1.0,0,0.668,0,0.723
A Foggy Day,Ella Fitzgerald,5q9O3L5TrFoJnHMpEgMoJG,0.431,0.317,0,1,0.0343,0.816,0.0,0.199,0.508,70.141,130279,4,130.27896,22050,1,0.0,125.39356,-6.889,70.141,0.054,4,0.094,0,0.41,1,0.422
Fun It,Queen,1j8z4TTjJ1YOdoFEDwJTQa,0.61,0.893,9,1,0.0921,0.154,4.41e-05,0.021,0.673,104.031,296520,4,296.52,22050,1,0.19107,286.09306,-3.681,104.031,0.102,4,0.994,9,0.524,1,0.501
A Matter of Time,Foo Fighters,3bZKIfJVpW8HktEafRnRP2,0.547,0.765,10,1,0.0286,0.00961,0.0,0.387,0.68,108.265,228893,4,228.89333,22050,1,0.28449,214.15184,-6.126,108.265,0.772,4,1.0,10,0.452,1,0.444
8 Mile Freestyle Pt.Iii Vs,Eminem,NA,,,,,,,,,,,,,,,,,,,,,,,,,,
Like I Never Left,Whitney Houston,1H2KZ21IWEEhjoVyqS10S8,0.563,0.239,6,1,0.927,0.917,0.0,0.311,0.456,87.245,1549965,4,1549.96508,22050,1,0.95814,1534.53134,-19.836,87.245,0.022,4,0.302,6,0.528,1,0.36
Keep Talkin,Eminem,13VS3dYd6PnDpBjQrYK1df,0.756,0.898,1,1,0.24,0.0432,0.0,0.282,0.272,95.139,268840,4,268.84,22050,1,0.16875,252.6273,-2.35,95.139,0.614,4,0.929,1,0.832,1,0.623
I Hear Music,Ella Fitzgerald,3lRLQLkWtd0gaqwE6CktjE,0.106,0.264,7,1,0.0334,0.763,0.0,0.124,0.0384,73.325,232333,3,232.33333,22050,1,13.32825,223.02186,-9.543,73.325,0.0,3,0.573,7,0.53,1,0.627
I'm Your Man,Michael Buble,6mjlbRIgMTf2nqY0kq1rOJ,0.753,0.753,5,0,0.0436,0.0144,4.43e-05,0.0711,0.913,113.068,242133,4,242.13333,22050,1,0.17229,242.13333,-13.023,113.068,0.979,4,1.0,5,0.683,0,0.43
Easier To Walk Away,Elton John,1QEDuRCXGqUwkhg2Wp1wKU,0.651,0.804,10,1,0.0546,0.26,0.000325,0.0787,0.79,93.324,262800,4,262.8,22050,1,0.0,259.04762,-9.377,93.324,0.289,4,1.0,10,0.662,1,0.498
Fat Dance,Red Hot Chili Peppers,3BW34zpQNgRUwuQ4eUyzMN,0.662,0.954,4,0,0.0611,0.0503,0.617,0.0771,0.767,101.18,220499,4,220.49937,22050,1,0.06408,215.05161,-3.84,101.18,0.425,4,1.0,4,0.641,0,0.537
Only See,Sia,4KoNBTm9a55KgLMtEaf3n6,0.443,0.94,10,0,0.04,0.00222,0.0,0.263,0.521,95.196,261533,4,261.53333,22050,1,0.22707,254.65905,-5.107,95.196,0.404,4,0.99,10,0.307,0,0.411
Echo,Eminem,1MMk1Fw3vdYDRYj5cilHtt,0.638,0.842,2,1,0.0392,0.0864,0.0,0.624,0.542,103.965,236736,4,236.73596,22050,1,0.29029,227.39882,-6.225,103.965,0.518,4,1.0,2,0.352,1,0.6
Ace In The Hole,Ella Fitzgerald,718EReHrxys0hdkBOB1Dv2,0.847,0.706,5,0,0.0431,0.574,7.99e-06,0.0691,0.815,114.791,155093,4,155.09333,22050,1,0.42345,152.69442,-7.2,114.791,0.879,4,0.671,5,0.622,0,0.55
Dare To Dream,John Legend,65vT38Gvx6xDhQ4NyoQjUV,0.387,0.385,2,1,0.0404,0.786,0.0,0.2,0.406,112.785,207387,4,207.38667,22050,1,0.68095,200.16762,-10.982,112.785,0.123,4,0.202,2,0.144,1,0.313
I Found Out,Red Hot Chili Peppers,6xv7IrfJCruPK1lKMuTKka,0.525,0.649,0,0,0.037,0.672,0.164,0.663,0.617,147.358,521414,4,521.41361,22050,1,0.99918,511.59946,-6.435,147.358,0.009,4,0.819,0,0.083,0,0.0
